"CODE","LABEL","NUTS_LEVEL","COUNTRY","OFFICIAL_SORTING_ORDER_OF_COUNTRIES"
"BE","BELGIQUE-BELGIË ",0,"BE",1
"BE1","RÉGION DE BRUXELLES-CAPITALE / BRUSSELS HOOFDSTEDELIJK GEWEST",1,"BE",1
"BE10","Région de Bruxelles-Capitale / Brussels Hoofdstedelijk Gewest",2,"BE",1
"BE100","Arr. de Bruxelles-Capitale / Arr. van Brussel-Hoofdstad",3,"BE",1
"BE2","VLAAMS GEWEST",1,"BE",1
"BE21","Prov. Antwerpen",2,"BE",1
"BE211","Arr. Antwerpen",3,"BE",1
"BE212","Arr. Mechelen",3,"BE",1
"BE213","Arr. Turnhout",3,"BE",1
"BE22","Prov. Limburg (B)",2,"BE",1
"BE221","Arr. Hasselt",3,"BE",1
"BE222","Arr. Maaseik",3,"BE",1
"BE223","Arr. Tongeren",3,"BE",1
"BE23","Prov. Oost-Vlaanderen",2,"BE",1
"BE231","Arr. Aalst",3,"BE",1
"BE232","Arr. Dendermonde",3,"BE",1
"BE233","Arr. Eeklo",3,"BE",1
"BE234","Arr. Gent",3,"BE",1
"BE235","Arr. Oudenaarde",3,"BE",1
"BE236","Arr. Sint-Niklaas",3,"BE",1
"BE24","Prov. Vlaams-Brabant",2,"BE",1
"BE241","Arr. Halle-Vilvoorde",3,"BE",1
"BE242","Arr. Leuven",3,"BE",1
"BE25","Prov. West-Vlaanderen",2,"BE",1
"BE251","Arr. Brugge",3,"BE",1
"BE252","Arr. Diksmuide",3,"BE",1
"BE253","Arr. Ieper",3,"BE",1
"BE254","Arr. Kortrijk",3,"BE",1
"BE255","Arr. Oostende",3,"BE",1
"BE256","Arr. Roeselare",3,"BE",1
"BE257","Arr. Tielt",3,"BE",1
"BE258","Arr. Veurne",3,"BE",1
"BE3","RÉGION WALLONNE",1,"BE",1
"BE31","Prov. Brabant Wallon",2,"BE",1
"BE310","Arr. Nivelles",3,"BE",1
"BE32","Prov. Hainaut",2,"BE",1
"BE321","Arr. Ath",3,"BE",1
"BE322","Arr. Charleroi",3,"BE",1
"BE323","Arr. Mons",3,"BE",1
"BE324","Arr. Mouscron",3,"BE",1
"BE325","Arr. Soignies",3,"BE",1
"BE326","Arr. Thuin",3,"BE",1
"BE327","Arr. Tournai",3,"BE",1
"BE33","Prov. Liège",2,"BE",1
"BE331","Arr. Huy",3,"BE",1
"BE332","Arr. Liège",3,"BE",1
"BE334","Arr. Waremme",3,"BE",1
"BE335","Arr. Verviers - communes francophones",3,"BE",1
"BE336","Bezirk Verviers - Deutschsprachige Gemeinschaft",3,"BE",1
"BE34","Prov. Luxembourg (B)",2,"BE",1
"BE341","Arr. Arlon",3,"BE",1
"BE342","Arr. Bastogne",3,"BE",1
"BE343","Arr. Marche-en-Famenne",3,"BE",1
"BE344","Arr. Neufchâteau",3,"BE",1
"BE345","Arr. Virton",3,"BE",1
"BE35","Prov. Namur",2,"BE",1
"BE351","Arr. Dinant",3,"BE",1
"BE352","Arr. Namur",3,"BE",1
"BE353","Arr. Philippeville",3,"BE",1
"BEZ","EXTRA-REGIO",1,"BE",1
"BEZZ","Extra-Regio",2,"BE",1
"BEZZZ","Extra-Regio",3,"BE",1
"BG","БЪЛГАРИЯ / BULGARIA",0,"BG",2
"BG3","СЕВЕРНА И ЮГОИЗТОЧНА БЪЛГАРИЯ / SEVERNA I IZTOCHNA BULGARIA",1,"BG",2
"BG31","Северозападен / Severozapaden",2,"BG",2
"BG311","Видин / Vidin",3,"BG",2
"BG312","Монтана / Montana",3,"BG",2
"BG313","Враца / Vratsa",3,"BG",2
"BG314","Плевен / Pleven",3,"BG",2
"BG315","Ловеч / Lovech",3,"BG",2
"BG32","Северен централен / Severen tsentralen",2,"BG",2
"BG321","Велико Търново / Veliko Tarnovo",3,"BG",2
"BG322","Габрово / Gabrovo",3,"BG",2
"BG323","Русе / Ruse",3,"BG",2
"BG324","Разград / Razgrad",3,"BG",2
"BG325","Силистра / Silistra",3,"BG",2
"BG33","Североизточен / Severoiztochen",2,"BG",2
"BG331","Варна / Varna",3,"BG",2
"BG332","Добрич / Dobrich",3,"BG",2
"BG333","Шумен / Shumen",3,"BG",2
"BG334","Търговище / Targovishte",3,"BG",2
"BG34","Югоизточен / Yugoiztochen",2,"BG",2
"BG341","Бургас / Burgas",3,"BG",2
"BG342","Сливен / Sliven",3,"BG",2
"BG343","Ямбол / Yambol",3,"BG",2
"BG344","Стара Загора / Stara Zagora",3,"BG",2
"BG4","ЮГОЗАПАДНА И ЮЖНА ЦЕНТРАЛНА БЪЛГАРИЯ / YUGOZAPADNA I YUZHNA TSENTRALNA BULGARIA",1,"BG",2
"BG41","Югозападен / Yugozapaden",2,"BG",2
"BG411","София (столица) / Sofia (stolitsa)",3,"BG",2
"BG412","София / Sofia",3,"BG",2
"BG413","Благоевград / Blagoevgrad",3,"BG",2
"BG414","Перник / Pernik",3,"BG",2
"BG415","Кюстендил / Kyustendil",3,"BG",2
"BG42","Южен централен / Yuzhen tsentralen",2,"BG",2
"BG421","Пловдив / Plovdiv",3,"BG",2
"BG422","Хасково / Haskovo",3,"BG",2
"BG423","Пазарджик / Pazardzhik",3,"BG",2
"BG424","Смолян / Smolyan",3,"BG",2
"BG425","Кърджали / Kardzhali",3,"BG",2
"BGZ","EXTRA-REGIO",1,"BG",2
"BGZZ","Extra-Regio",2,"BG",2
"BGZZZ","Extra-Regio",3,"BG",2
"CZ","ČESKÁ REPUBLIKA",0,"CZ",3
"CZ0","ČESKÁ REPUBLIKA",1,"CZ",3
"CZ01","Praha",2,"CZ",3
"CZ010","Hlavní město Praha",3,"CZ",3
"CZ02","Střední Čechy",2,"CZ",3
"CZ020","Středočeský kraj",3,"CZ",3
"CZ03","Jihozápad",2,"CZ",3
"CZ031","Jihočeský kraj",3,"CZ",3
"CZ032","Plzeňský kraj",3,"CZ",3
"CZ04","Severozápad",2,"CZ",3
"CZ041","Karlovarský kraj",3,"CZ",3
"CZ042","Ústecký kraj",3,"CZ",3
"CZ05","Severovýchod",2,"CZ",3
"CZ051","Liberecký kraj",3,"CZ",3
"CZ052","Královéhradecký kraj",3,"CZ",3
"CZ053","Pardubický kraj",3,"CZ",3
"CZ06","Jihovýchod",2,"CZ",3
"CZ063","Vysočina",3,"CZ",3
"CZ064","Jihomoravský kraj",3,"CZ",3
"CZ07","Střední Morava",2,"CZ",3
"CZ071","Olomoucký kraj",3,"CZ",3
"CZ072","Zlínský kraj",3,"CZ",3
"CZ08","Moravskoslezsko",2,"CZ",3
"CZ080","Moravskoslezský kraj",3,"CZ",3
"CZZ","EXTRA-REGIO",1,"CZ",3
"CZZZ","Extra-Regio",2,"CZ",3
"CZZZZ","Extra-Regio",3,"CZ",3
"DK","DANMARK",0,"DK",4
"DK0","DANMARK",1,"DK",4
"DK01","Hovedstaden",2,"DK",4
"DK011","Byen København",3,"DK",4
"DK012","Københavns omegn",3,"DK",4
"DK013","Nordsjælland",3,"DK",4
"DK014","Bornholm",3,"DK",4
"DK02","Sjælland",2,"DK",4
"DK021","Østsjælland",3,"DK",4
"DK022","Vest- og Sydsjælland",3,"DK",4
"DK03","Syddanmark",2,"DK",4
"DK031","Fyn",3,"DK",4
"DK032","Sydjylland",3,"DK",4
"DK04","Midtjylland",2,"DK",4
"DK041","Vestjylland",3,"DK",4
"DK042","Østjylland",3,"DK",4
"DK05","Nordjylland",2,"DK",4
"DK050","Nordjylland",3,"DK",4
"DKZ","EXTRA-REGIO",1,"DK",4
"DKZZ","Extra-Regio",2,"DK",4
"DKZZZ","Extra-Regio",3,"DK",4
"DE","DEUTSCHLAND ",0,"DE",5
"DE1","BADEN-WÜRTTEMBERG",1,"DE",5
"DE11","Stuttgart",2,"DE",5
"DE111","Stuttgart, Stadtkreis",3,"DE",5
"DE112","Böblingen",3,"DE",5
"DE113","Esslingen",3,"DE",5
"DE114","Göppingen",3,"DE",5
"DE115","Ludwigsburg",3,"DE",5
"DE116","Rems-Murr-Kreis",3,"DE",5
"DE117","Heilbronn, Stadtkreis",3,"DE",5
"DE118","Heilbronn, Landkreis",3,"DE",5
"DE119","Hohenlohekreis",3,"DE",5
"DE11A","Schwäbisch Hall",3,"DE",5
"DE11B","Main-Tauber-Kreis",3,"DE",5
"DE11C","Heidenheim",3,"DE",5
"DE11D","Ostalbkreis",3,"DE",5
"DE12","Karlsruhe",2,"DE",5
"DE121","Baden-Baden, Stadtkreis",3,"DE",5
"DE122","Karlsruhe, Stadtkreis",3,"DE",5
"DE123","Karlsruhe, Landkreis",3,"DE",5
"DE124","Rastatt",3,"DE",5
"DE125","Heidelberg, Stadtkreis",3,"DE",5
"DE126","Mannheim, Stadtkreis",3,"DE",5
"DE127","Neckar-Odenwald-Kreis",3,"DE",5
"DE128","Rhein-Neckar-Kreis",3,"DE",5
"DE129","Pforzheim, Stadtkreis",3,"DE",5
"DE12A","Calw",3,"DE",5
"DE12B","Enzkreis",3,"DE",5
"DE12C","Freudenstadt",3,"DE",5
"DE13","Freiburg",2,"DE",5
"DE131","Freiburg im Breisgau, Stadtkreis",3,"DE",5
"DE132","Breisgau-Hochschwarzwald",3,"DE",5
"DE133","Emmendingen",3,"DE",5
"DE134","Ortenaukreis",3,"DE",5
"DE135","Rottweil",3,"DE",5
"DE136","Schwarzwald-Baar-Kreis",3,"DE",5
"DE137","Tuttlingen",3,"DE",5
"DE138","Konstanz",3,"DE",5
"DE139","Lörrach",3,"DE",5
"DE13A","Waldshut",3,"DE",5
"DE14","Tübingen",2,"DE",5
"DE141","Reutlingen",3,"DE",5
"DE142","Tübingen, Landkreis",3,"DE",5
"DE143","Zollernalbkreis",3,"DE",5
"DE144","Ulm, Stadtkreis",3,"DE",5
"DE145","Alb-Donau-Kreis",3,"DE",5
"DE146","Biberach",3,"DE",5
"DE147","Bodenseekreis",3,"DE",5
"DE148","Ravensburg",3,"DE",5
"DE149","Sigmaringen",3,"DE",5
"DE2","BAYERN",1,"DE",5
"DE21","Oberbayern",2,"DE",5
"DE211","Ingolstadt, Kreisfreie Stadt",3,"DE",5
"DE212","München, Kreisfreie Stadt",3,"DE",5
"DE213","Rosenheim, Kreisfreie Stadt",3,"DE",5
"DE214","Altötting",3,"DE",5
"DE215","Berchtesgadener Land",3,"DE",5
"DE216","Bad Tölz-Wolfratshausen",3,"DE",5
"DE217","Dachau",3,"DE",5
"DE218","Ebersberg",3,"DE",5
"DE219","Eichstätt",3,"DE",5
"DE21A","Erding",3,"DE",5
"DE21B","Freising",3,"DE",5
"DE21C","Fürstenfeldbruck",3,"DE",5
"DE21D","Garmisch-Partenkirchen",3,"DE",5
"DE21E","Landsberg a. Lech",3,"DE",5
"DE21F","Miesbach",3,"DE",5
"DE21G","Mühldorf a. Inn",3,"DE",5
"DE21H","München, Landkreis",3,"DE",5
"DE21I","Neuburg-Schrobenhausen",3,"DE",5
"DE21J","Pfaffenhofen a. d. Ilm",3,"DE",5
"DE21K","Rosenheim, Landkreis",3,"DE",5
"DE21L","Starnberg",3,"DE",5
"DE21M","Traunstein",3,"DE",5
"DE21N","Weilheim-Schongau",3,"DE",5
"DE22","Niederbayern",2,"DE",5
"DE221","Landshut, Kreisfreie Stadt",3,"DE",5
"DE222","Passau, Kreisfreie Stadt",3,"DE",5
"DE223","Straubing, Kreisfreie Stadt",3,"DE",5
"DE224","Deggendorf",3,"DE",5
"DE225","Freyung-Grafenau",3,"DE",5
"DE226","Kelheim",3,"DE",5
"DE227","Landshut, Landkreis",3,"DE",5
"DE228","Passau, Landkreis",3,"DE",5
"DE229","Regen",3,"DE",5
"DE22A","Rottal-Inn",3,"DE",5
"DE22B","Straubing-Bogen",3,"DE",5
"DE22C","Dingolfing-Landau",3,"DE",5
"DE23","Oberpfalz",2,"DE",5
"DE231","Amberg, Kreisfreie Stadt",3,"DE",5
"DE232","Regensburg, Kreisfreie Stadt",3,"DE",5
"DE233","Weiden i. d. Opf, Kreisfreie Stadt",3,"DE",5
"DE234","Amberg-Sulzbach",3,"DE",5
"DE235","Cham",3,"DE",5
"DE236","Neumarkt i. d. OPf.",3,"DE",5
"DE237","Neustadt a. d. Waldnaab",3,"DE",5
"DE238","Regensburg, Landkreis",3,"DE",5
"DE239","Schwandorf",3,"DE",5
"DE23A","Tirschenreuth",3,"DE",5
"DE24","Oberfranken",2,"DE",5
"DE241","Bamberg, Kreisfreie Stadt",3,"DE",5
"DE242","Bayreuth, Kreisfreie Stadt",3,"DE",5
"DE243","Coburg, Kreisfreie Stadt",3,"DE",5
"DE244","Hof, Kreisfreie Stadt",3,"DE",5
"DE245","Bamberg, Landkreis",3,"DE",5
"DE246","Bayreuth, Landkreis",3,"DE",5
"DE247","Coburg, Landkreis",3,"DE",5
"DE248","Forchheim",3,"DE",5
"DE249","Hof, Landkreis",3,"DE",5
"DE24A","Kronach",3,"DE",5
"DE24B","Kulmbach",3,"DE",5
"DE24C","Lichtenfels",3,"DE",5
"DE24D","Wunsiedel i. Fichtelgebirge",3,"DE",5
"DE25","Mittelfranken",2,"DE",5
"DE251","Ansbach, Kreisfreie Stadt",3,"DE",5
"DE252","Erlangen, Kreisfreie Stadt",3,"DE",5
"DE253","Fürth, Kreisfreie Stadt",3,"DE",5
"DE254","Nürnberg, Kreisfreie Stadt",3,"DE",5
"DE255","Schwabach, Kreisfreie Stadt",3,"DE",5
"DE256","Ansbach, Landkreis",3,"DE",5
"DE257","Erlangen-Höchstadt",3,"DE",5
"DE258","Fürth, Landkreis",3,"DE",5
"DE259","Nürnberger Land",3,"DE",5
"DE25A","Neustadt a. d. Aisch-Bad Windsheim",3,"DE",5
"DE25B","Roth",3,"DE",5
"DE25C","Weißenburg-Gunzenhausen",3,"DE",5
"DE26","Unterfranken",2,"DE",5
"DE261","Aschaffenburg, Kreisfreie Stadt",3,"DE",5
"DE262","Schweinfurt, Kreisfreie Stadt",3,"DE",5
"DE263","Würzburg, Kreisfreie Stadt",3,"DE",5
"DE264","Aschaffenburg, Landkreis",3,"DE",5
"DE265","Bad Kissingen",3,"DE",5
"DE266","Rhön-Grabfeld",3,"DE",5
"DE267","Haßberge",3,"DE",5
"DE268","Kitzingen",3,"DE",5
"DE269","Miltenberg",3,"DE",5
"DE26A","Main-Spessart",3,"DE",5
"DE26B","Schweinfurt, Landkreis",3,"DE",5
"DE26C","Würzburg, Landkreis",3,"DE",5
"DE27","Schwaben",2,"DE",5
"DE271","Augsburg, Kreisfreie Stadt",3,"DE",5
"DE272","Kaufbeuren, Kreisfreie Stadt",3,"DE",5
"DE273","Kempten (Allgäu), Kreisfreie Stadt",3,"DE",5
"DE274","Memmingen, Kreisfreie Stadt",3,"DE",5
"DE275","Aichach-Friedberg",3,"DE",5
"DE276","Augsburg, Landkreis",3,"DE",5
"DE277","Dillingen a.d. Donau",3,"DE",5
"DE278","Günzburg",3,"DE",5
"DE279","Neu-Ulm",3,"DE",5
"DE27A","Lindau (Bodensee)",3,"DE",5
"DE27B","Ostallgäu",3,"DE",5
"DE27C","Unterallgäu",3,"DE",5
"DE27D","Donau-Ries",3,"DE",5
"DE27E","Oberallgäu",3,"DE",5
"DE3","BERLIN",1,"DE",5
"DE30","Berlin",2,"DE",5
"DE300","Berlin",3,"DE",5
"DE4","BRANDENBURG",1,"DE",5
"DE41","Brandenburg - Nordost",2,"DE",5
"DE411","Frankfurt (Oder), Kreisfreie Stadt",3,"DE",5
"DE412","Barnim",3,"DE",5
"DE413","Märkisch-Oderland",3,"DE",5
"DE414","Oberhavel",3,"DE",5
"DE415","Oder-Spree",3,"DE",5
"DE416","Ostprignitz-Ruppin",3,"DE",5
"DE417","Prignitz",3,"DE",5
"DE418","Uckermark",3,"DE",5
"DE42","Brandenburg - Südwest",2,"DE",5
"DE421","Brandenburg an der Havel, Kreisfreie Stadt",3,"DE",5
"DE422","Cottbus, Kreisfreie Stadt",3,"DE",5
"DE423","Potsdam, Kreisfreie Stadt",3,"DE",5
"DE424","Dahme-Spreewald",3,"DE",5
"DE425","Elbe-Elster",3,"DE",5
"DE426","Havelland",3,"DE",5
"DE427","Oberspreewald-Lausitz",3,"DE",5
"DE428","Potsdam-Mittelmark",3,"DE",5
"DE429","Spree-Neiße",3,"DE",5
"DE42A","Teltow-Fläming",3,"DE",5
"DE5","BREMEN",1,"DE",5
"DE50","Bremen",2,"DE",5
"DE501","Bremen, Kreisfreie Stadt",3,"DE",5
"DE502","Bremerhaven, Kreisfreie Stadt",3,"DE",5
"DE6","HAMBURG",1,"DE",5
"DE60","Hamburg",2,"DE",5
"DE600","Hamburg",3,"DE",5
"DE7","HESSEN",1,"DE",5
"DE71","Darmstadt",2,"DE",5
"DE711","Darmstadt, Kreisfreie Stadt",3,"DE",5
"DE712","Frankfurt am Main, Kreisfreie Stadt",3,"DE",5
"DE713","Offenbach am Main, Kreisfreie Stadt",3,"DE",5
"DE714","Wiesbaden, Kreisfreie Stadt",3,"DE",5
"DE715","Bergstraße",3,"DE",5
"DE716","Darmstadt-Dieburg",3,"DE",5
"DE717","Groß-Gerau",3,"DE",5
"DE718","Hochtaunuskreis",3,"DE",5
"DE719","Main-Kinzig-Kreis",3,"DE",5
"DE71A","Main-Taunus-Kreis",3,"DE",5
"DE71B","Odenwaldkreis",3,"DE",5
"DE71C","Offenbach, Landkreis",3,"DE",5
"DE71D","Rheingau-Taunus-Kreis",3,"DE",5
"DE71E","Wetteraukreis",3,"DE",5
"DE72","Gießen",2,"DE",5
"DE721","Gießen, Landkreis",3,"DE",5
"DE722","Lahn-Dill-Kreis",3,"DE",5
"DE723","Limburg-Weilburg",3,"DE",5
"DE724","Marburg-Biedenkopf",3,"DE",5
"DE725","Vogelsbergkreis",3,"DE",5
"DE73","Kassel",2,"DE",5
"DE731","Kassel, Kreisfreie Stadt",3,"DE",5
"DE732","Fulda",3,"DE",5
"DE733","Hersfeld-Rotenburg",3,"DE",5
"DE734","Kassel, Landkreis",3,"DE",5
"DE735","Schwalm-Eder-Kreis",3,"DE",5
"DE736","Waldeck-Frankenberg",3,"DE",5
"DE737","Werra-Meißner-Kreis",3,"DE",5
"DE8","MECKLENBURG-VORPOMMERN",1,"DE",5
"DE80","Mecklenburg-Vorpommern",2,"DE",5
"DE801","Greifswald, Kreisfreie Stadt",3,"DE",5
"DE802","Neubrandenburg, Kreisfreie Stadt",3,"DE",5
"DE803","Rostock, Kreisfreie Stadt",3,"DE",5
"DE804","Schwerin, Kreisfreie Stadt",3,"DE",5
"DE805","Stralsund, Kreisfreie Stadt",3,"DE",5
"DE806","Wismar, Kreisfreie Stadt",3,"DE",5
"DE807","Bad Doberan",3,"DE",5
"DE808","Demmin",3,"DE",5
"DE809","Güstrow",3,"DE",5
"DE80A","Ludwigslust",3,"DE",5
"DE80B","Mecklenburg-Strelitz",3,"DE",5
"DE80C","Müritz",3,"DE",5
"DE80D","Nordvorpommern",3,"DE",5
"DE80E","Nordwestmecklenburg",3,"DE",5
"DE80F","Ostvorpommern",3,"DE",5
"DE80G","Parchim",3,"DE",5
"DE80H","Rügen",3,"DE",5
"DE80I","Uecker-Randow",3,"DE",5
"DE9","NIEDERSACHSEN",1,"DE",5
"DE91","Braunschweig",2,"DE",5
"DE911","Braunschweig, Kreisfreie Stadt",3,"DE",5
"DE912","Salzgitter, Kreisfreie Stadt",3,"DE",5
"DE913","Wolfsburg, Kreisfreie Stadt",3,"DE",5
"DE914","Gifhorn",3,"DE",5
"DE915","Göttingen",3,"DE",5
"DE916","Goslar",3,"DE",5
"DE917","Helmstedt",3,"DE",5
"DE918","Northeim",3,"DE",5
"DE919","Osterode am Harz",3,"DE",5
"DE91A","Peine",3,"DE",5
"DE91B","Wolfenbüttel",3,"DE",5
"DE92","Hannover",2,"DE",5
"DE922","Diepholz",3,"DE",5
"DE923","Hameln-Pyrmont",3,"DE",5
"DE925","Hildesheim",3,"DE",5
"DE926","Holzminden",3,"DE",5
"DE927","Nienburg (Weser)",3,"DE",5
"DE928","Schaumburg",3,"DE",5
"DE929","Region Hannover",3,"DE",5
"DE93","Lüneburg",2,"DE",5
"DE931","Celle",3,"DE",5
"DE932","Cuxhaven",3,"DE",5
"DE933","Harburg",3,"DE",5
"DE934","Lüchow-Dannenberg",3,"DE",5
"DE935","Lüneburg, Landkreis",3,"DE",5
"DE936","Osterholz",3,"DE",5
"DE937","Rotenburg (Wümme)",3,"DE",5
"DE938","Soltau-Fallingbostel",3,"DE",5
"DE939","Stade",3,"DE",5
"DE93A","Uelzen",3,"DE",5
"DE93B","Verden",3,"DE",5
"DE94","Weser-Ems",2,"DE",5
"DE941","Delmenhorst, Kreisfreie Stadt",3,"DE",5
"DE942","Emden, Kreisfreie Stadt",3,"DE",5
"DE943","Oldenburg (Oldenburg), Kreisfreie Stadt",3,"DE",5
"DE944","Osnabrück, Kreisfreie Stadt",3,"DE",5
"DE945","Wilhelmshaven, Kreisfreie Stadt",3,"DE",5
"DE946","Ammerland",3,"DE",5
"DE947","Aurich",3,"DE",5
"DE948","Cloppenburg",3,"DE",5
"DE949","Emsland",3,"DE",5
"DE94A","Friesland (D)",3,"DE",5
"DE94B","Grafschaft Bentheim",3,"DE",5
"DE94C","Leer",3,"DE",5
"DE94D","Oldenburg, Landkreis",3,"DE",5
"DE94E","Osnabrück, Landkreis",3,"DE",5
"DE94F","Vechta",3,"DE",5
"DE94G","Wesermarsch",3,"DE",5
"DE94H","Wittmund",3,"DE",5
"DEA","NORDRHEIN-WESTFALEN",1,"DE",5
"DEA1","Düsseldorf",2,"DE",5
"DEA11","Düsseldorf, Kreisfreie Stadt",3,"DE",5
"DEA12","Duisburg, Kreisfreie Stadt",3,"DE",5
"DEA13","Essen, Kreisfreie Stadt",3,"DE",5
"DEA14","Krefeld, Kreisfreie Stadt",3,"DE",5
"DEA15","Mönchengladbach, Kreisfreie Stadt",3,"DE",5
"DEA16","Mülheim an der Ruhr,Kreisfreie Stadt",3,"DE",5
"DEA17","Oberhausen, Kreisfreie Stadt",3,"DE",5
"DEA18","Remscheid, Kreisfreie Stadt",3,"DE",5
"DEA19","Solingen, Kreisfreie Stadt",3,"DE",5
"DEA1A","Wuppertal, Kreisfreie Stadt",3,"DE",5
"DEA1B","Kleve",3,"DE",5
"DEA1C","Mettmann",3,"DE",5
"DEA1D","Rhein-Kreis Neuss",3,"DE",5
"DEA1E","Viersen",3,"DE",5
"DEA1F","Wesel",3,"DE",5
"DEA2","Köln",2,"DE",5
"DEA21","Aachen, Kreisfreie Stadt",3,"DE",5
"DEA22","Bonn, Kreisfreie Stadt",3,"DE",5
"DEA23","Köln, Kreisfreie Stadt",3,"DE",5
"DEA24","Leverkusen, Kreisfreie Stadt",3,"DE",5
"DEA25","Aachen, Kreis",3,"DE",5
"DEA26","Düren",3,"DE",5
"DEA27","Rhein-Erft-Kreis",3,"DE",5
"DEA28","Euskirchen",3,"DE",5
"DEA29","Heinsberg",3,"DE",5
"DEA2A","Oberbergischer Kreis",3,"DE",5
"DEA2B","Rheinisch-Bergischer Kreis",3,"DE",5
"DEA2C","Rhein-Sieg-Kreis",3,"DE",5
"DEA3","Münster",2,"DE",5
"DEA31","Bottrop, Kreisfreie Stadt",3,"DE",5
"DEA32","Gelsenkirchen, Kreisfreie Stadt",3,"DE",5
"DEA33","Münster, Kreisfreie Stadt",3,"DE",5
"DEA34","Borken",3,"DE",5
"DEA35","Coesfeld",3,"DE",5
"DEA36","Recklinghausen",3,"DE",5
"DEA37","Steinfurt",3,"DE",5
"DEA38","Warendorf",3,"DE",5
"DEA4","Detmold",2,"DE",5
"DEA41","Bielefeld, Kreisfreie Stadt",3,"DE",5
"DEA42","Gütersloh",3,"DE",5
"DEA43","Herford",3,"DE",5
"DEA44","Höxter",3,"DE",5
"DEA45","Lippe",3,"DE",5
"DEA46","Minden-Lübbecke",3,"DE",5
"DEA47","Paderborn",3,"DE",5
"DEA5","Arnsberg",2,"DE",5
"DEA51","Bochum, Kreisfreie Stadt",3,"DE",5
"DEA52","Dortmund, Kreisfreie Stadt",3,"DE",5
"DEA53","Hagen, Kreisfreie Stadt",3,"DE",5
"DEA54","Hamm, Kreisfreie Stadt",3,"DE",5
"DEA55","Herne, Kreisfreie Stadt",3,"DE",5
"DEA56","Ennepe-Ruhr-Kreis",3,"DE",5
"DEA57","Hochsauerlandkreis",3,"DE",5
"DEA58","Märkischer Kreis",3,"DE",5
"DEA59","Olpe",3,"DE",5
"DEA5A","Siegen-Wittgenstein",3,"DE",5
"DEA5B","Soest",3,"DE",5
"DEA5C","Unna",3,"DE",5
"DEB","RHEINLAND-PFALZ",1,"DE",5
"DEB1","Koblenz",2,"DE",5
"DEB11","Koblenz, Kreisfreie Stadt",3,"DE",5
"DEB12","Ahrweiler",3,"DE",5
"DEB13","Altenkirchen (Westerwald)",3,"DE",5
"DEB14","Bad Kreuznach",3,"DE",5
"DEB15","Birkenfeld",3,"DE",5
"DEB16","Cochem-Zell",3,"DE",5
"DEB17","Mayen-Koblenz",3,"DE",5
"DEB18","Neuwied",3,"DE",5
"DEB19","Rhein-Hunsrück-Kreis",3,"DE",5
"DEB1A","Rhein-Lahn-Kreis",3,"DE",5
"DEB1B","Westerwaldkreis",3,"DE",5
"DEB2","Trier",2,"DE",5
"DEB21","Trier, Kreisfreie Stadt",3,"DE",5
"DEB22","Bernkastel-Wittlich",3,"DE",5
"DEB23","Bitburg-Prüm",3,"DE",5
"DEB24","Daun",3,"DE",5
"DEB25","Trier-Saarburg",3,"DE",5
"DEB3","Rheinhessen-Pfalz",2,"DE",5
"DEB31","Frankenthal (Pfalz), Kreisfreie Stadt",3,"DE",5
"DEB32","Kaiserslautern, Kreisfreie Stadt",3,"DE",5
"DEB33","Landau in der Pfalz, Kreisfreie Stadt",3,"DE",5
"DEB34","Ludwigshafen am Rhein, Kreisfreie Stadt",3,"DE",5
"DEB35","Mainz, Kreisfreie Stadt",3,"DE",5
"DEB36","Neustadt an der Weinstraße, Kreisfreie Stadt",3,"DE",5
"DEB37","Pirmasens, Kreisfreie Stadt",3,"DE",5
"DEB38","Speyer, Kreisfreie Stadt",3,"DE",5
"DEB39","Worms, Kreisfreie Stadt",3,"DE",5
"DEB3A","Zweibrücken, Kreisfreie Stadt",3,"DE",5
"DEB3B","Alzey-Worms",3,"DE",5
"DEB3C","Bad Dürkheim",3,"DE",5
"DEB3D","Donnersbergkreis",3,"DE",5
"DEB3E","Germersheim",3,"DE",5
"DEB3F","Kaiserslautern, Landkreis",3,"DE",5
"DEB3G","Kusel",3,"DE",5
"DEB3H","Südliche Weinstraße",3,"DE",5
"DEB3I","Rhein-Pfalz-Kreis",3,"DE",5
"DEB3J","Mainz-Bingen",3,"DE",5
"DEB3K","Südwestpfalz",3,"DE",5
"DEC","SAARLAND",1,"DE",5
"DEC0","Saarland",2,"DE",5
"DEC01","Stadtverband Saarbrücken",3,"DE",5
"DEC02","Merzig-Wadern",3,"DE",5
"DEC03","Neunkirchen",3,"DE",5
"DEC04","Saarlouis",3,"DE",5
"DEC05","Saarpfalz-Kreis",3,"DE",5
"DEC06","St. Wendel",3,"DE",5
"DED","SACHSEN",1,"DE",5
"DED1","Chemnitz",2,"DE",5
"DED11","Chemnitz, Kreisfreie Stadt",3,"DE",5
"DED12","Plauen, Kreisfreie Stadt",3,"DE",5
"DED13","Zwickau, Kreisfreie Stadt",3,"DE",5
"DED14","Annaberg",3,"DE",5
"DED15","Chemnitzer Land",3,"DE",5
"DED16","Freiberg",3,"DE",5
"DED17","Vogtlandkreis",3,"DE",5
"DED18","Mittlerer Erzgebirgskreis",3,"DE",5
"DED19","Mittweida",3,"DE",5
"DED1A","Stollberg",3,"DE",5
"DED1B","Aue-Schwarzenberg",3,"DE",5
"DED1C","Zwickauer Land",3,"DE",5
"DED2","Dresden",2,"DE",5
"DED21","Dresden, Kreisfreie Stadt",3,"DE",5
"DED22","Görlitz, Kreisfreie Stadt",3,"DE",5
"DED23","Hoyerswerda, Kreisfreie Stadt",3,"DE",5
"DED24","Bautzen",3,"DE",5
"DED25","Meißen",3,"DE",5
"DED26","Niederschlesischer Oberlausitzkreis",3,"DE",5
"DED27","Riesa-Großenhain",3,"DE",5
"DED28","Löbau-Zittau",3,"DE",5
"DED29","Sächsische Schweiz",3,"DE",5
"DED2A","Weißeritzkreis",3,"DE",5
"DED2B","Kamenz",3,"DE",5
"DED3","Leipzig",2,"DE",5
"DED31","Leipzig, Kreisfreie Stadt",3,"DE",5
"DED32","Delitzsch",3,"DE",5
"DED33","Döbeln",3,"DE",5
"DED34","Leipziger Land",3,"DE",5
"DED35","Muldentalkreis",3,"DE",5
"DED36","Torgau-Oschatz",3,"DE",5
"DEE","SACHSEN-ANHALT",1,"DE",5
"DEE0","Sachsen-Anhalt",2,"DE",5
"DEE01","Dessau-Roßlau, Kreisfreie Stadt",3,"DE",5
"DEE02","Halle (Saale), Kreisfreie Stadt",3,"DE",5
"DEE03","Magdeburg, Kreisfreie Stadt",3,"DE",5
"DEE04","Altmarkkreis Salzwedel",3,"DE",5
"DEE05","Anhalt-Bitterfeld",3,"DE",5
"DEE06","Jerichower Land",3,"DE",5
"DEE07","Börde",3,"DE",5
"DEE08","Burgenland (D)",3,"DE",5
"DEE09","Harz",3,"DE",5
"DEE0A","Mansfeld-Südharz",3,"DE",5
"DEE0B","Saalekreis",3,"DE",5
"DEE0C","Salzland",3,"DE",5
"DEE0D","Stendal",3,"DE",5
"DEE0E","Wittenberg",3,"DE",5
"DEF","SCHLESWIG-HOLSTEIN",1,"DE",5
"DEF0","Schleswig-Holstein",2,"DE",5
"DEF01","Flensburg, Kreisfreie Stadt",3,"DE",5
"DEF02","Kiel, Kreisfreie Stadt",3,"DE",5
"DEF03","Lübeck, Kreisfreie Stadt",3,"DE",5
"DEF04","Neumünster, Kreisfreie Stadt",3,"DE",5
"DEF05","Dithmarschen",3,"DE",5
"DEF06","Herzogtum Lauenburg",3,"DE",5
"DEF07","Nordfriesland",3,"DE",5
"DEF08","Ostholstein",3,"DE",5
"DEF09","Pinneberg",3,"DE",5
"DEF0A","Plön",3,"DE",5
"DEF0B","Rendsburg-Eckernförde",3,"DE",5
"DEF0C","Schleswig-Flensburg",3,"DE",5
"DEF0D","Segeberg",3,"DE",5
"DEF0E","Steinburg",3,"DE",5
"DEF0F","Stormarn",3,"DE",5
"DEG","THÜRINGEN",1,"DE",5
"DEG0","Thüringen",2,"DE",5
"DEG01","Erfurt, Kreisfreie Stadt",3,"DE",5
"DEG02","Gera, Kreisfreie Stadt",3,"DE",5
"DEG03","Jena, Kreisfreie Stadt",3,"DE",5
"DEG04","Suhl, Kreisfreie Stadt",3,"DE",5
"DEG05","Weimar, Kreisfreie Stadt",3,"DE",5
"DEG06","Eichsfeld",3,"DE",5
"DEG07","Nordhausen",3,"DE",5
"DEG09","Unstrut-Hainich-Kreis",3,"DE",5
"DEG0A","Kyffhäuserkreis",3,"DE",5
"DEG0B","Schmalkalden-Meiningen",3,"DE",5
"DEG0C","Gotha",3,"DE",5
"DEG0D","Sömmerda",3,"DE",5
"DEG0E","Hildburghausen",3,"DE",5
"DEG0F","Ilm-Kreis",3,"DE",5
"DEG0G","Weimarer Land",3,"DE",5
"DEG0H","Sonneberg",3,"DE",5
"DEG0I","Saalfeld-Rudolstadt",3,"DE",5
"DEG0J","Saale-Holzland-Kreis",3,"DE",5
"DEG0K","Saale-Orla-Kreis",3,"DE",5
"DEG0L","Greiz",3,"DE",5
"DEG0M","Altenburger Land",3,"DE",5
"DEG0N","Eisenach, Kreisfreie Stadt",3,"DE",5
"DEG0P","Wartburgkreis",3,"DE",5
"DEZ","EXTRA-REGIO",1,"DE",5
"DEZZ","Extra-Regio",2,"DE",5
"DEZZZ","Extra-Regio",3,"DE",5
"EE","EESTI",0,"EE",6
"EE0","EESTI",1,"EE",6
"EE00","Eesti",2,"EE",6
"EE001","Põhja-Eesti",3,"EE",6
"EE004","Lääne-Eesti",3,"EE",6
"EE006","Kesk-Eesti",3,"EE",6
"EE007","Kirde-Eesti",3,"EE",6
"EE008","Lõuna-Eesti",3,"EE",6
"EEZ","EXTRA-REGIO",1,"EE",6
"EEZZ","Extra-Regio",2,"EE",6
"EEZZZ","Extra-Regio",3,"EE",6
"IE","IRELAND",0,"IE",7
"IE0","IRELAND",1,"IE",7
"IE01","Border, Midland and Western",2,"IE",7
"IE011","Border",3,"IE",7
"IE012","Midland",3,"IE",7
"IE013","West",3,"IE",7
"IE02","Southern and Eastern",2,"IE",7
"IE021","Dublin",3,"IE",7
"IE022","Mid-East",3,"IE",7
"IE023","Mid-West",3,"IE",7
"IE024","South-East (IRL)",3,"IE",7
"IE025","South-West (IRL)",3,"IE",7
"IEZ","EXTRA-REGIO",1,"IE",7
"IEZZ","Extra-Regio",2,"IE",7
"IEZZZ","Extra-Regio",3,"IE",7
"GR","ΕΛΛΑΔΑ / ELLADA",0,"GR",8
"GR1","ΒΟΡΕΙΑ ΕΛΛΑΔΑ / VOREIA ELLADA",1,"GR",8
"GR11","Aνατολική Μακεδονία, Θράκη / Anatoliki Makedonia, Thraki",2,"GR",8
"GR111","Έβρος / Evros",3,"GR",8
"GR112","Ξάνθη / Xanthi",3,"GR",8
"GR113","Ροδόπη / Rodopi",3,"GR",8
"GR114","Δράμα / Drama",3,"GR",8
"GR115","Καβάλα / Kavala",3,"GR",8
"GR12","Κεντρική Μακεδονία / Kentriki Makedonia",2,"GR",8
"GR121","Ημαθία / Imathia",3,"GR",8
"GR122","Θεσσαλονίκη / Thessaloniki",3,"GR",8
"GR123","Κιλκίς / Kilkis",3,"GR",8
"GR124","Πέλλα / Pella",3,"GR",8
"GR125","Πιερία / Pieria",3,"GR",8
"GR126","Σέρρες / Serres",3,"GR",8
"GR127","Χαλκιδική / Chalkidiki",3,"GR",8
"GR13","Δυτική Μακεδονία / Dytiki Makedonia",2,"GR",8
"GR131","Γρεβενά / Grevena",3,"GR",8
"GR132","Καστοριά / Kastoria",3,"GR",8
"GR133","Κοζάνη / Kozani",3,"GR",8
"GR134","Φλώρινα / Florina",3,"GR",8
"GR14","Θεσσαλία / Thessalia",2,"GR",8
"GR141","Καρδίτσα / Karditsa",3,"GR",8
"GR142","Λάρισα / Larisa",3,"GR",8
"GR143","Μαγνησία / Magnisia",3,"GR",8
"GR144","Τρίκαλα / Trikala",3,"GR",8
"GR2","ΚΕΝΤΡΙΚΗ ΕΛΛΑΔΑ / KENTRIKI ELLADA",1,"GR",8
"GR21","Ήπειρος / Ipeiros",2,"GR",8
"GR211","Άρτα / Arta",3,"GR",8
"GR212","Θεσπρωτία / Thesprotia",3,"GR",8
"GR213","Ιωάννινα / Ioannina",3,"GR",8
"GR214","Πρέβεζα / Preveza",3,"GR",8
"GR22","Ιόνια Νησιά / Ionia Nisia",2,"GR",8
"GR221","Ζάκυνθος / Zakynthos",3,"GR",8
"GR222","Κέρκυρα / Kerkyra",3,"GR",8
"GR223","Κεφαλληνία / Kefallinia",3,"GR",8
"GR224","Λευκάδα / Lefkada",3,"GR",8
"GR23","Δυτική Ελλάδα / Dytiki Ellada",2,"GR",8
"GR231","Αιτωλοακαρνανία / Aitoloakarnania",3,"GR",8
"GR232","Αχαΐα / Achaia",3,"GR",8
"GR233","Ηλεία / Ileia",3,"GR",8
"GR24","Στερεά Ελλάδα / Sterea Ellada",2,"GR",8
"GR241","Βοιωτία / Voiotia",3,"GR",8
"GR242","Εύβοια / Evvoia",3,"GR",8
"GR243","Ευρυτανία / Evrytania",3,"GR",8
"GR244","Φθιώτιδα / Fthiotida",3,"GR",8
"GR245","Φωκίδα / Fokida",3,"GR",8
"GR25","Πελοπόννησος / Peloponnisos",2,"GR",8
"GR251","Αργολίδα / Argolida",3,"GR",8
"GR252","Αρκαδία / Arkadia",3,"GR",8
"GR253","Κορινθία / Korinthia",3,"GR",8
"GR254","Λακωνία / Lakonia",3,"GR",8
"GR255","Μεσσηνία / Messinia",3,"GR",8
"GR3","ATTIKΗ / ATTIKI",1,"GR",8
"GR30","Aττική / Attiki",2,"GR",8
"GR300","Aττική / Attiki",3,"GR",8
"GR4","NΗΣΙΑ ΑΙΓΑΙΟΥ, KΡΗΤΗ / NISIA AIGAIOU, KRITI",1,"GR",8
"GR41","Βόρειο Αιγαίο / Voreio Aigaio",2,"GR",8
"GR411","Λέσβος / Lesvos",3,"GR",8
"GR412","Σάμος / Samos",3,"GR",8
"GR413","Χίος / Chios",3,"GR",8
"GR42","Νότιο Αιγαίο / Notio Aigaio",2,"GR",8
"GR421","Δωδεκάνησος / Dodekanisos",3,"GR",8
"GR422","Κυκλάδες / Kyklades",3,"GR",8
"GR43","Κρήτη / Kriti",2,"GR",8
"GR431","Ηράκλειο / Irakleio",3,"GR",8
"GR432","Λασίθι / Lasithi",3,"GR",8
"GR433","Ρεθύμνη / Rethymni",3,"GR",8
"GR434","Χανιά / Chania",3,"GR",8
"GRZ","EXTRA-REGIO",1,"GR",8
"GRZZ","Extra-Regio",2,"GR",8
"GRZZZ","Extra-Regio",3,"GR",8
"ES","ESPAÑA ",0,"ES",9
"ES1","NOROESTE",1,"ES",9
"ES11","Galicia",2,"ES",9
"ES111","A Coruña",3,"ES",9
"ES112","Lugo",3,"ES",9
"ES113","Ourense",3,"ES",9
"ES114","Pontevedra",3,"ES",9
"ES12","Principado de Asturias",2,"ES",9
"ES120","Asturias",3,"ES",9
"ES13","Cantabria",2,"ES",9
"ES130","Cantabria",3,"ES",9
"ES2","NORESTE",1,"ES",9
"ES21","País Vasco",2,"ES",9
"ES211","Álava",3,"ES",9
"ES212","Guipúzcoa",3,"ES",9
"ES213","Vizcaya",3,"ES",9
"ES22","Comunidad Foral de Navarra",2,"ES",9
"ES220","Navarra",3,"ES",9
"ES23","La Rioja",2,"ES",9
"ES230","La Rioja",3,"ES",9
"ES24","Aragón",2,"ES",9
"ES241","Huesca",3,"ES",9
"ES242","Teruel",3,"ES",9
"ES243","Zaragoza",3,"ES",9
"ES3","COMUNIDAD DE MADRID",1,"ES",9
"ES30","Comunidad de Madrid",2,"ES",9
"ES300","Madrid",3,"ES",9
"ES4","CENTRO (E)",1,"ES",9
"ES41","Castilla y León",2,"ES",9
"ES411","Ávila",3,"ES",9
"ES412","Burgos",3,"ES",9
"ES413","León",3,"ES",9
"ES414","Palencia",3,"ES",9
"ES415","Salamanca",3,"ES",9
"ES416","Segovia",3,"ES",9
"ES417","Soria",3,"ES",9
"ES418","Valladolid",3,"ES",9
"ES419","Zamora",3,"ES",9
"ES42","Castilla-La Mancha",2,"ES",9
"ES421","Albacete",3,"ES",9
"ES422","Ciudad Real",3,"ES",9
"ES423","Cuenca",3,"ES",9
"ES424","Guadalajara",3,"ES",9
"ES425","Toledo",3,"ES",9
"ES43","Extremadura",2,"ES",9
"ES431","Badajoz",3,"ES",9
"ES432","Cáceres",3,"ES",9
"ES5","ESTE",1,"ES",9
"ES51","Cataluña",2,"ES",9
"ES511","Barcelona",3,"ES",9
"ES512","Girona",3,"ES",9
"ES513","Lleida",3,"ES",9
"ES514","Tarragona",3,"ES",9
"ES52","Comunidad Valenciana",2,"ES",9
"ES521","Alicante / Alacant",3,"ES",9
"ES522","Castellón / Castelló",3,"ES",9
"ES523","Valencia / València",3,"ES",9
"ES53","Illes Balears",2,"ES",9
"ES531","Eivissa y Formentera",3,"ES",9
"ES532","Mallorca",3,"ES",9
"ES533","Menorca",3,"ES",9
"ES6","SUR",1,"ES",9
"ES61","Andalucía",2,"ES",9
"ES611","Almería",3,"ES",9
"ES612","Cádiz",3,"ES",9
"ES613","Córdoba",3,"ES",9
"ES614","Granada",3,"ES",9
"ES615","Huelva",3,"ES",9
"ES616","Jaén",3,"ES",9
"ES617","Málaga",3,"ES",9
"ES618","Sevilla",3,"ES",9
"ES62","Región de Murcia",2,"ES",9
"ES620","Murcia",3,"ES",9
"ES63","Ciudad Autónoma de Ceuta",2,"ES",9
"ES630","Ceuta",3,"ES",9
"ES64","Ciudad Autónoma de Melilla",2,"ES",9
"ES640","Melilla",3,"ES",9
"ES7","CANARIAS",1,"ES",9
"ES70","Canarias",2,"ES",9
"ES703","El Hierro",3,"ES",9
"ES704","Fuerteventura",3,"ES",9
"ES705","Gran Canaria",3,"ES",9
"ES706","La Gomera",3,"ES",9
"ES707","La Palma",3,"ES",9
"ES708","Lanzarote",3,"ES",9
"ES709","Tenerife",3,"ES",9
"ESZ","EXTRA-REGIO",1,"ES",9
"ESZZ","Extra-Regio",2,"ES",9
"ESZZZ","Extra-Regio",3,"ES",9
"FR","FRANCE",0,"FR",10
"FR1","ÎLE DE FRANCE",1,"FR",10
"FR10","Île de France",2,"FR",10
"FR101","Paris",3,"FR",10
"FR102","Seine-et-Marne",3,"FR",10
"FR103","Yvelines",3,"FR",10
"FR104","Essonne",3,"FR",10
"FR105","Hauts-de-Seine",3,"FR",10
"FR106","Seine-Saint-Denis",3,"FR",10
"FR107","Val-de-Marne",3,"FR",10
"FR108","Val-d'Oise",3,"FR",10
"FR2","BASSIN PARISIEN",1,"FR",10
"FR21","Champagne-Ardenne",2,"FR",10
"FR211","Ardennes",3,"FR",10
"FR212","Aube",3,"FR",10
"FR213","Marne",3,"FR",10
"FR214","Haute-Marne",3,"FR",10
"FR22","Picardie",2,"FR",10
"FR221","Aisne",3,"FR",10
"FR222","Oise",3,"FR",10
"FR223","Somme",3,"FR",10
"FR23","Haute-Normandie",2,"FR",10
"FR231","Eure",3,"FR",10
"FR232","Seine-Maritime",3,"FR",10
"FR24","Centre",2,"FR",10
"FR241","Cher",3,"FR",10
"FR242","Eure-et-Loir",3,"FR",10
"FR243","Indre",3,"FR",10
"FR244","Indre-et-Loire",3,"FR",10
"FR245","Loir-et-Cher",3,"FR",10
"FR246","Loiret",3,"FR",10
"FR25","Basse-Normandie",2,"FR",10
"FR251","Calvados",3,"FR",10
"FR252","Manche",3,"FR",10
"FR253","Orne",3,"FR",10
"FR26","Bourgogne",2,"FR",10
"FR261","Côte-d'Or",3,"FR",10
"FR262","Nièvre",3,"FR",10
"FR263","Saône-et-Loire",3,"FR",10
"FR264","Yonne",3,"FR",10
"FR3","NORD - PAS-DE-CALAIS",1,"FR",10
"FR30","Nord - Pas-de-Calais",2,"FR",10
"FR301","Nord",3,"FR",10
"FR302","Pas-de-Calais",3,"FR",10
"FR4","EST",1,"FR",10
"FR41","Lorraine",2,"FR",10
"FR411","Meurthe-et-Moselle",3,"FR",10
"FR412","Meuse",3,"FR",10
"FR413","Moselle",3,"FR",10
"FR414","Vosges",3,"FR",10
"FR42","Alsace",2,"FR",10
"FR421","Bas-Rhin",3,"FR",10
"FR422","Haut-Rhin",3,"FR",10
"FR43","Franche-Comté",2,"FR",10
"FR431","Doubs",3,"FR",10
"FR432","Jura",3,"FR",10
"FR433","Haute-Saône",3,"FR",10
"FR434","Territoire de Belfort",3,"FR",10
"FR5","OUEST",1,"FR",10
"FR51","Pays de la Loire",2,"FR",10
"FR511","Loire-Atlantique",3,"FR",10
"FR512","Maine-et-Loire",3,"FR",10
"FR513","Mayenne",3,"FR",10
"FR514","Sarthe",3,"FR",10
"FR515","Vendée",3,"FR",10
"FR52","Bretagne",2,"FR",10
"FR521","Côtes-d'Armor",3,"FR",10
"FR522","Finistère",3,"FR",10
"FR523","Ille-et-Vilaine",3,"FR",10
"FR524","Morbihan",3,"FR",10
"FR53","Poitou-Charentes",2,"FR",10
"FR531","Charente",3,"FR",10
"FR532","Charente-Maritime",3,"FR",10
"FR533","Deux-Sèvres",3,"FR",10
"FR534","Vienne",3,"FR",10
"FR6","SUD-OUEST",1,"FR",10
"FR61","Aquitaine",2,"FR",10
"FR611","Dordogne",3,"FR",10
"FR612","Gironde",3,"FR",10
"FR613","Landes",3,"FR",10
"FR614","Lot-et-Garonne",3,"FR",10
"FR615","Pyrénées-Atlantiques",3,"FR",10
"FR62","Midi-Pyrénées",2,"FR",10
"FR621","Ariège",3,"FR",10
"FR622","Aveyron",3,"FR",10
"FR623","Haute-Garonne",3,"FR",10
"FR624","Gers",3,"FR",10
"FR625","Lot",3,"FR",10
"FR626","Hautes-Pyrénées",3,"FR",10
"FR627","Tarn",3,"FR",10
"FR628","Tarn-et-Garonne",3,"FR",10
"FR63","Limousin",2,"FR",10
"FR631","Corrèze",3,"FR",10
"FR632","Creuse",3,"FR",10
"FR633","Haute-Vienne",3,"FR",10
"FR7","CENTRE-EST",1,"FR",10
"FR71","Rhône-Alpes",2,"FR",10
"FR711","Ain",3,"FR",10
"FR712","Ardèche",3,"FR",10
"FR713","Drôme",3,"FR",10
"FR714","Isère",3,"FR",10
"FR715","Loire",3,"FR",10
"FR716","Rhône",3,"FR",10
"FR717","Savoie",3,"FR",10
"FR718","Haute-Savoie",3,"FR",10
"FR72","Auvergne",2,"FR",10
"FR721","Allier",3,"FR",10
"FR722","Cantal",3,"FR",10
"FR723","Haute-Loire",3,"FR",10
"FR724","Puy-de-Dôme",3,"FR",10
"FR8","MÉDITERRANÉE",1,"FR",10
"FR81","Languedoc-Roussillon",2,"FR",10
"FR811","Aude",3,"FR",10
"FR812","Gard",3,"FR",10
"FR813","Hérault",3,"FR",10
"FR814","Lozère",3,"FR",10
"FR815","Pyrénées-Orientales",3,"FR",10
"FR82","Provence-Alpes-Côte d'Azur",2,"FR",10
"FR821","Alpes-de-Haute-Provence",3,"FR",10
"FR822","Hautes-Alpes",3,"FR",10
"FR823","Alpes-Maritimes",3,"FR",10
"FR824","Bouches-du-Rhône",3,"FR",10
"FR825","Var",3,"FR",10
"FR826","Vaucluse",3,"FR",10
"FR83","Corse",2,"FR",10
"FR831","Corse-du-Sud",3,"FR",10
"FR832","Haute-Corse",3,"FR",10
"FR9","DÉPARTEMENTS D'OUTRE-MER",1,"FR",10
"FR91","Guadeloupe",2,"FR",10
"FR910","Guadeloupe",3,"FR",10
"FR92","Martinique",2,"FR",10
"FR920","Martinique",3,"FR",10
"FR93","Guyane",2,"FR",10
"FR930","Guyane",3,"FR",10
"FR94","Réunion",2,"FR",10
"FR940","Réunion",3,"FR",10
"FRZ","EXTRA-REGIO",1,"FR",10
"FRZZ","Extra-Regio",2,"FR",10
"FRZZZ","Extra-Regio",3,"FR",10
"IT","ITALIA ",0,"IT",11
"ITC","NORD-OVEST",1,"IT",11
"ITC1","Piemonte",2,"IT",11
"ITC11","Torino",3,"IT",11
"ITC12","Vercelli",3,"IT",11
"ITC13","Biella",3,"IT",11
"ITC14","Verbano-Cusio-Ossola",3,"IT",11
"ITC15","Novara",3,"IT",11
"ITC16","Cuneo",3,"IT",11
"ITC17","Asti",3,"IT",11
"ITC18","Alessandria",3,"IT",11
"ITC2","Valle d'Aosta/Vallée d'Aoste",2,"IT",11
"ITC20","Valle d'Aosta/Vallée d'Aoste",3,"IT",11
"ITC3","Liguria",2,"IT",11
"ITC31","Imperia",3,"IT",11
"ITC32","Savona",3,"IT",11
"ITC33","Genova",3,"IT",11
"ITC34","La Spezia",3,"IT",11
"ITC4","Lombardia",2,"IT",11
"ITC41","Varese",3,"IT",11
"ITC42","Como",3,"IT",11
"ITC43","Lecco",3,"IT",11
"ITC44","Sondrio",3,"IT",11
"ITC45","Milano",3,"IT",11
"ITC46","Bergamo",3,"IT",11
"ITC47","Brescia",3,"IT",11
"ITC48","Pavia",3,"IT",11
"ITC49","Lodi",3,"IT",11
"ITC4A","Cremona",3,"IT",11
"ITC4B","Mantova",3,"IT",11
"ITD","NORD-EST",1,"IT",11
"ITD1","Provincia Autonoma Bolzano/Bozen",2,"IT",11
"ITD10","Bolzano-Bozen",3,"IT",11
"ITD2","Provincia Autonoma Trento",2,"IT",11
"ITD20","Trento",3,"IT",11
"ITD3","Veneto",2,"IT",11
"ITD31","Verona",3,"IT",11
"ITD32","Vicenza",3,"IT",11
"ITD33","Belluno",3,"IT",11
"ITD34","Treviso",3,"IT",11
"ITD35","Venezia",3,"IT",11
"ITD36","Padova",3,"IT",11
"ITD37","Rovigo",3,"IT",11
"ITD4","Friuli-Venezia Giulia",2,"IT",11
"ITD41","Pordenone",3,"IT",11
"ITD42","Udine",3,"IT",11
"ITD43","Gorizia",3,"IT",11
"ITD44","Trieste",3,"IT",11
"ITD5","Emilia-Romagna",2,"IT",11
"ITD51","Piacenza",3,"IT",11
"ITD52","Parma",3,"IT",11
"ITD53","Reggio nell'Emilia",3,"IT",11
"ITD54","Modena",3,"IT",11
"ITD55","Bologna",3,"IT",11
"ITD56","Ferrara",3,"IT",11
"ITD57","Ravenna",3,"IT",11
"ITD58","Forlì-Cesena",3,"IT",11
"ITD59","Rimini",3,"IT",11
"ITE","CENTRO (I)",1,"IT",11
"ITE1","Toscana",2,"IT",11
"ITE11","Massa-Carrara",3,"IT",11
"ITE12","Lucca",3,"IT",11
"ITE13","Pistoia",3,"IT",11
"ITE14","Firenze",3,"IT",11
"ITE15","Prato",3,"IT",11
"ITE16","Livorno",3,"IT",11
"ITE17","Pisa",3,"IT",11
"ITE18","Arezzo",3,"IT",11
"ITE19","Siena",3,"IT",11
"ITE1A","Grosseto",3,"IT",11
"ITE2","Umbria",2,"IT",11
"ITE21","Perugia",3,"IT",11
"ITE22","Terni",3,"IT",11
"ITE3","Marche",2,"IT",11
"ITE31","Pesaro e Urbino",3,"IT",11
"ITE32","Ancona",3,"IT",11
"ITE33","Macerata",3,"IT",11
"ITE34","Ascoli Piceno",3,"IT",11
"ITE4","Lazio",2,"IT",11
"ITE41","Viterbo",3,"IT",11
"ITE42","Rieti",3,"IT",11
"ITE43","Roma",3,"IT",11
"ITE44","Latina",3,"IT",11
"ITE45","Frosinone",3,"IT",11
"ITF","SUD",1,"IT",11
"ITF1","Abruzzo",2,"IT",11
"ITF11","L'Aquila",3,"IT",11
"ITF12","Teramo",3,"IT",11
"ITF13","Pescara",3,"IT",11
"ITF14","Chieti",3,"IT",11
"ITF2","Molise",2,"IT",11
"ITF21","Isernia",3,"IT",11
"ITF22","Campobasso",3,"IT",11
"ITF3","Campania",2,"IT",11
"ITF31","Caserta",3,"IT",11
"ITF32","Benevento",3,"IT",11
"ITF33","Napoli",3,"IT",11
"ITF34","Avellino",3,"IT",11
"ITF35","Salerno",3,"IT",11
"ITF4","Puglia",2,"IT",11
"ITF41","Foggia",3,"IT",11
"ITF42","Bari",3,"IT",11
"ITF43","Taranto",3,"IT",11
"ITF44","Brindisi",3,"IT",11
"ITF45","Lecce",3,"IT",11
"ITF5","Basilicata",2,"IT",11
"ITF51","Potenza",3,"IT",11
"ITF52","Matera",3,"IT",11
"ITF6","Calabria",2,"IT",11
"ITF61","Cosenza",3,"IT",11
"ITF62","Crotone",3,"IT",11
"ITF63","Catanzaro",3,"IT",11
"ITF64","Vibo Valentia",3,"IT",11
"ITF65","Reggio di Calabria",3,"IT",11
"ITG","ISOLE",1,"IT",11
"ITG1","Sicilia",2,"IT",11
"ITG11","Trapani",3,"IT",11
"ITG12","Palermo",3,"IT",11
"ITG13","Messina",3,"IT",11
"ITG14","Agrigento",3,"IT",11
"ITG15","Caltanissetta",3,"IT",11
"ITG16","Enna",3,"IT",11
"ITG17","Catania",3,"IT",11
"ITG18","Ragusa",3,"IT",11
"ITG19","Siracusa",3,"IT",11
"ITG2","Sardegna",2,"IT",11
"ITG25","Sassari",3,"IT",11
"ITG26","Nuoro",3,"IT",11
"ITG27","Cagliari",3,"IT",11
"ITG28","Oristano",3,"IT",11
"ITG29","Olbia-Tempio",3,"IT",11
"ITG2A","Ogliastra",3,"IT",11
"ITG2B","Medio Campidano",3,"IT",11
"ITG2C","Carbonia-Iglesias",3,"IT",11
"ITZ","EXTRA-REGIO",1,"IT",11
"ITZZ","Extra-Regio",2,"IT",11
"ITZZZ","Extra-Regio",3,"IT",11
"CY","ΚΥΠΡΟΣ / KIBRIS",0,"CY",12
"CY0","ΚΥΠΡΟΣ / KIBRIS",1,"CY",12
"CY00","Κύπρος / Kıbrıs",2,"CY",12
"CY000","Κύπρος / Kıbrıs",3,"CY",12
"CYZ","EXTRA-REGIO",1,"CY",12
"CYZZ","Extra-Regio",2,"CY",12
"CYZZZ","Extra-Regio",3,"CY",12
"LV","LATVIJA",0,"LV",13
"LV0","LATVIJA",1,"LV",13
"LV00","Latvija",2,"LV",13
"LV003","Kurzeme",3,"LV",13
"LV005","Latgale",3,"LV",13
"LV006","Rīga",3,"LV",13
"LV007","Pierīga",3,"LV",13
"LV008","Vidzeme",3,"LV",13
"LV009","Zemgale",3,"LV",13
"LVZ","EXTRA-REGIO",1,"LV",13
"LVZZ","Extra-Regio",2,"LV",13
"LVZZZ","Extra-Regio",3,"LV",13
"LT","LIETUVA",0,"LT",14
"LT0","LIETUVA",1,"LT",14
"LT00","Lietuva",2,"LT",14
"LT001","Alytaus apskritis",3,"LT",14
"LT002","Kauno apskritis",3,"LT",14
"LT003","Klaipėdos apskritis",3,"LT",14
"LT004","Marijampolės apskritis",3,"LT",14
"LT005","Panevėžio apskritis",3,"LT",14
"LT006","Šiaulių apskritis",3,"LT",14
"LT007","Tauragės apskritis",3,"LT",14
"LT008","Telšių apskritis",3,"LT",14
"LT009","Utenos apskritis",3,"LT",14
"LT00A","Vilniaus apskritis",3,"LT",14
"LTZ","EXTRA-REGIO",1,"LT",14
"LTZZ","Extra-Regio",2,"LT",14
"LTZZZ","Extra-Regio",3,"LT",14
"LU","LUXEMBOURG (GRAND-DUCHÉ)",0,"LU",15
"LU0","LUXEMBOURG (GRAND-DUCHÉ)",1,"LU",15
"LU00","Luxembourg (Grand-Duché)",2,"LU",15
"LU000","Luxembourg (Grand-Duché)",3,"LU",15
"LUZ","EXTRA-REGIO",1,"LU",15
"LUZZ","Extra-Regio",2,"LU",15
"LUZZZ","Extra-Regio",3,"LU",15
"HU","MAGYARORSZÁG",0,"HU",16
"HU1","KÖZÉP-MAGYARORSZÁG",1,"HU",16
"HU10","Közép-Magyarország",2,"HU",16
"HU101","Budapest",3,"HU",16
"HU102","Pest",3,"HU",16
"HU2","DUNÁNTÚL",1,"HU",16
"HU21","Közép-Dunántúl",2,"HU",16
"HU211","Fejér",3,"HU",16
"HU212","Komárom-Esztergom",3,"HU",16
"HU213","Veszprém",3,"HU",16
"HU22","Nyugat-Dunántúl",2,"HU",16
"HU221","Győr-Moson-Sopron",3,"HU",16
"HU222","Vas",3,"HU",16
"HU223","Zala",3,"HU",16
"HU23","Dél-Dunántúl",2,"HU",16
"HU231","Baranya",3,"HU",16
"HU232","Somogy",3,"HU",16
"HU233","Tolna",3,"HU",16
"HU3","ALFÖLD ÉS ÉSZAK",1,"HU",16
"HU31","Észak-Magyarország",2,"HU",16
"HU311","Borsod-Abaúj-Zemplén",3,"HU",16
"HU312","Heves",3,"HU",16
"HU313","Nógrád",3,"HU",16
"HU32","Észak-Alföld",2,"HU",16
"HU321","Hajdú-Bihar",3,"HU",16
"HU322","Jász-Nagykun-Szolnok",3,"HU",16
"HU323","Szabolcs-Szatmár-Bereg",3,"HU",16
"HU33","Dél-Alföld",2,"HU",16
"HU331","Bács-Kiskun",3,"HU",16
"HU332","Békés",3,"HU",16
"HU333","Csongrád",3,"HU",16
"HUZ","EXTRA-REGIO",1,"HU",16
"HUZZ","Extra-Regio",2,"HU",16
"HUZZZ","Extra-Regio",3,"HU",16
"MT","MALTA",0,"MT",17
"MT0","MALTA",1,"MT",17
"MT00","Malta",2,"MT",17
"MT001","Malta",3,"MT",17
"MT002","Gozo and Comino / Għawdex u Kemmuna",3,"MT",17
"MTZ","EXTRA-REGIO",1,"MT",17
"MTZZ","Extra-Regio",2,"MT",17
"MTZZZ","Extra-Regio",3,"MT",17
"NL","NEDERLAND ",0,"NL",18
"NL1","NOORD-NEDERLAND",1,"NL",18
"NL11","Groningen",2,"NL",18
"NL111","Oost-Groningen",3,"NL",18
"NL112","Delfzijl en omgeving",3,"NL",18
"NL113","Overig Groningen",3,"NL",18
"NL12","Friesland (NL)",2,"NL",18
"NL121","Noord-Friesland",3,"NL",18
"NL122","Zuidwest-Friesland",3,"NL",18
"NL123","Zuidoost-Friesland",3,"NL",18
"NL13","Drenthe",2,"NL",18
"NL131","Noord-Drenthe",3,"NL",18
"NL132","Zuidoost-Drenthe",3,"NL",18
"NL133","Zuidwest-Drenthe",3,"NL",18
"NL2","OOST-NEDERLAND",1,"NL",18
"NL21","Overijssel",2,"NL",18
"NL211","Noord-Overijssel",3,"NL",18
"NL212","Zuidwest-Overijssel",3,"NL",18
"NL213","Twente",3,"NL",18
"NL22","Gelderland",2,"NL",18
"NL221","Veluwe",3,"NL",18
"NL224","Zuidwest-Gelderland",3,"NL",18
"NL225","Achterhoek",3,"NL",18
"NL226","Arnhem/Nijmegen",3,"NL",18
"NL23","Flevoland",2,"NL",18
"NL230","Flevoland",3,"NL",18
"NL3","WEST-NEDERLAND",1,"NL",18
"NL31","Utrecht",2,"NL",18
"NL310","Utrecht",3,"NL",18
"NL32","Noord-Holland",2,"NL",18
"NL321","Kop van Noord-Holland",3,"NL",18
"NL322","Alkmaar en omgeving",3,"NL",18
"NL323","IJmond",3,"NL",18
"NL324","Agglomeratie Haarlem",3,"NL",18
"NL325","Zaanstreek",3,"NL",18
"NL326","Groot-Amsterdam",3,"NL",18
"NL327","Het Gooi en Vechtstreek",3,"NL",18
"NL33","Zuid-Holland",2,"NL",18
"NL331","Agglomeratie Leiden en Bollenstreek",3,"NL",18
"NL332","Agglomeratie 's-Gravenhage",3,"NL",18
"NL333","Delft en Westland",3,"NL",18
"NL334","Oost-Zuid-Holland",3,"NL",18
"NL335","Groot-Rijnmond",3,"NL",18
"NL336","Zuidoost-Zuid-Holland",3,"NL",18
"NL34","Zeeland",2,"NL",18
"NL341","Zeeuwsch-Vlaanderen",3,"NL",18
"NL342","Overig Zeeland",3,"NL",18
"NL4","ZUID-NEDERLAND",1,"NL",18
"NL41","Noord-Brabant",2,"NL",18
"NL411","West-Noord-Brabant",3,"NL",18
"NL412","Midden-Noord-Brabant",3,"NL",18
"NL413","Noordoost-Noord-Brabant",3,"NL",18
"NL414","Zuidoost-Noord-Brabant",3,"NL",18
"NL42","Limburg (NL)",2,"NL",18
"NL421","Noord-Limburg",3,"NL",18
"NL422","Midden-Limburg",3,"NL",18
"NL423","Zuid-Limburg",3,"NL",18
"NLZ","EXTRA-REGIO",1,"NL",18
"NLZZ","Extra-Regio",2,"NL",18
"NLZZZ","Extra-Regio",3,"NL",18
"AT","ÖSTERREICH",0,"AT",19
"AT1","OSTÖSTERREICH",1,"AT",19
"AT11","Burgenland (A)",2,"AT",19
"AT111","Mittelburgenland",3,"AT",19
"AT112","Nordburgenland",3,"AT",19
"AT113","Südburgenland",3,"AT",19
"AT12","Niederösterreich",2,"AT",19
"AT121","Mostviertel-Eisenwurzen",3,"AT",19
"AT122","Niederösterreich-Süd",3,"AT",19
"AT123","Sankt Pölten",3,"AT",19
"AT124","Waldviertel",3,"AT",19
"AT125","Weinviertel",3,"AT",19
"AT126","Wiener Umland/Nordteil",3,"AT",19
"AT127","Wiener Umland/Südteil",3,"AT",19
"AT13","Wien",2,"AT",19
"AT130","Wien",3,"AT",19
"AT2","SÜDÖSTERREICH",1,"AT",19
"AT21","Kärnten",2,"AT",19
"AT211","Klagenfurt-Villach",3,"AT",19
"AT212","Oberkärnten",3,"AT",19
"AT213","Unterkärnten",3,"AT",19
"AT22","Steiermark",2,"AT",19
"AT221","Graz",3,"AT",19
"AT222","Liezen",3,"AT",19
"AT223","Östliche Obersteiermark",3,"AT",19
"AT224","Oststeiermark",3,"AT",19
"AT225","West- und Südsteiermark",3,"AT",19
"AT226","Westliche Obersteiermark",3,"AT",19
"AT3","WESTÖSTERREICH",1,"AT",19
"AT31","Oberösterreich",2,"AT",19
"AT311","Innviertel",3,"AT",19
"AT312","Linz-Wels",3,"AT",19
"AT313","Mühlviertel",3,"AT",19
"AT314","Steyr-Kirchdorf",3,"AT",19
"AT315","Traunviertel",3,"AT",19
"AT32","Salzburg",2,"AT",19
"AT321","Lungau",3,"AT",19
"AT322","Pinzgau-Pongau",3,"AT",19
"AT323","Salzburg und Umgebung",3,"AT",19
"AT33","Tirol",2,"AT",19
"AT331","Außerfern",3,"AT",19
"AT332","Innsbruck",3,"AT",19
"AT333","Osttirol",3,"AT",19
"AT334","Tiroler Oberland",3,"AT",19
"AT335","Tiroler Unterland",3,"AT",19
"AT34","Vorarlberg",2,"AT",19
"AT341","Bludenz-Bregenzer Wald",3,"AT",19
"AT342","Rheintal-Bodenseegebiet",3,"AT",19
"ATZ","EXTRA-REGIO",1,"AT",19
"ATZZ","Extra-Regio",2,"AT",19
"ATZZZ","Extra-Regio",3,"AT",19
"PL","POLSKA",0,"PL",20
"PL1","REGION CENTRALNY",1,"PL",20
"PL11","Łódzkie",2,"PL",20
"PL113","Miasto Łódź",3,"PL",20
"PL114","Łódzki",3,"PL",20
"PL115","Piotrkowski",3,"PL",20
"PL116","Sieradzki",3,"PL",20
"PL117","Skierniewicki",3,"PL",20
"PL12","Mazowieckie",2,"PL",20
"PL121","Ciechanowsko-płocki",3,"PL",20
"PL122","Ostrołęcko-siedlecki",3,"PL",20
"PL127","Miasto Warszawa",3,"PL",20
"PL128","Radomski",3,"PL",20
"PL129","Warszawski-wschodni",3,"PL",20
"PL12A","Warszawski-zachodni",3,"PL",20
"PL2","REGION POŁUDNIOWY",1,"PL",20
"PL21","Małopolskie",2,"PL",20
"PL213","Miasto Kraków",3,"PL",20
"PL214","Krakowski",3,"PL",20
"PL215","Nowosądecki",3,"PL",20
"PL216","Oświęcimski",3,"PL",20
"PL217","Tarnowski",3,"PL",20
"PL22","Śląskie",2,"PL",20
"PL224","Częstochowski",3,"PL",20
"PL225","Bielski",3,"PL",20
"PL227","Rybnicki",3,"PL",20
"PL228","Bytomski",3,"PL",20
"PL229","Gliwicki",3,"PL",20
"PL22A","Katowicki",3,"PL",20
"PL22B","Sosnowiecki",3,"PL",20
"PL22C","Tyski",3,"PL",20
"PL3","REGION WSCHODNI",1,"PL",20
"PL31","Lubelskie",2,"PL",20
"PL311","Bialski",3,"PL",20
"PL312","Chełmsko-zamojski",3,"PL",20
"PL314","Lubelski",3,"PL",20
"PL315","Puławski",3,"PL",20
"PL32","Podkarpackie",2,"PL",20
"PL323","Krośnieński",3,"PL",20
"PL324","Przemyski",3,"PL",20
"PL325","Rzeszowski",3,"PL",20
"PL326","Tarnobrzeski",3,"PL",20
"PL33","Świętokrzyskie",2,"PL",20
"PL331","Kielecki",3,"PL",20
"PL332","Sandomiersko-jędrzejowski",3,"PL",20
"PL34","Podlaskie",2,"PL",20
"PL343","Białostocki",3,"PL",20
"PL344","Łomżyński",3,"PL",20
"PL345","Suwalski",3,"PL",20
"PL4","REGION PÓŁNOCNO-ZACHODNI",1,"PL",20
"PL41","Wielkopolskie",2,"PL",20
"PL411","Pilski",3,"PL",20
"PL414","Koniński",3,"PL",20
"PL415","Miasto Poznań",3,"PL",20
"PL416","Kaliski",3,"PL",20
"PL417","Leszczyński",3,"PL",20
"PL418","Poznański",3,"PL",20
"PL42","Zachodniopomorskie",2,"PL",20
"PL422","Koszaliński",3,"PL",20
"PL423","Stargardzki",3,"PL",20
"PL424","Miasto Szczecin",3,"PL",20
"PL425","Szczeciński",3,"PL",20
"PL43","Lubuskie",2,"PL",20
"PL431","Gorzowski",3,"PL",20
"PL432","Zielonogórski",3,"PL",20
"PL5","REGION POŁUDNIOWO-ZACHODNI",1,"PL",20
"PL51","Dolnośląskie",2,"PL",20
"PL514","Miasto Wrocław",3,"PL",20
"PL515","Jeleniogórski",3,"PL",20
"PL516","Legnicko-Głogowski",3,"PL",20
"PL517","Wałbrzyski",3,"PL",20
"PL518","Wrocławski",3,"PL",20
"PL52","Opolskie",2,"PL",20
"PL521","Nyski",3,"PL",20
"PL522","Opolski",3,"PL",20
"PL6","REGION PÓŁNOCNY",1,"PL",20
"PL61","Kujawsko-Pomorskie",2,"PL",20
"PL613","Bydgosko-Toruński",3,"PL",20
"PL614","Grudziądzki",3,"PL",20
"PL615","Włocławski",3,"PL",20
"PL62","Warmińsko-Mazurskie",2,"PL",20
"PL621","Elbląski",3,"PL",20
"PL622","Olsztyński",3,"PL",20
"PL623","Ełcki",3,"PL",20
"PL63","Pomorskie",2,"PL",20
"PL631","Słupski",3,"PL",20
"PL633","Trójmiejski",3,"PL",20
"PL634","Gdański",3,"PL",20
"PL635","Starogardzki",3,"PL",20
"PLZ","EXTRA-REGIO",1,"PL",20
"PLZZ","Extra-Regio",2,"PL",20
"PLZZZ","Extra-Regio",3,"PL",20
"PT","PORTUGAL",0,"PT",21
"PT1","CONTINENTE",1,"PT",21
"PT11","Norte",2,"PT",21
"PT111","Minho-Lima",3,"PT",21
"PT112","Cávado",3,"PT",21
"PT113","Ave",3,"PT",21
"PT114","Grande Porto",3,"PT",21
"PT115","Tâmega",3,"PT",21
"PT116","Entre Douro e Vouga",3,"PT",21
"PT117","Douro",3,"PT",21
"PT118","Alto Trás-os-Montes",3,"PT",21
"PT15","Algarve",2,"PT",21
"PT150","Algarve",3,"PT",21
"PT16","Centro (P)",2,"PT",21
"PT161","Baixo Vouga",3,"PT",21
"PT162","Baixo Mondego",3,"PT",21
"PT163","Pinhal Litoral",3,"PT",21
"PT164","Pinhal Interior Norte",3,"PT",21
"PT165","Dâo-Lafôes",3,"PT",21
"PT166","Pinhal Interior Sul",3,"PT",21
"PT167","Serra da Estrela",3,"PT",21
"PT168","Beira Interior Norte",3,"PT",21
"PT169","Beira Interior Sul",3,"PT",21
"PT16A","Cova da Beira",3,"PT",21
"PT16B","Oeste",3,"PT",21
"PT16C","Médio Tejo",3,"PT",21
"PT17","Lisboa",2,"PT",21
"PT171","Grande Lisboa",3,"PT",21
"PT172","Península de Setúbal",3,"PT",21
"PT18","Alentejo",2,"PT",21
"PT181","Alentejo Litoral",3,"PT",21
"PT182","Alto Alentejo",3,"PT",21
"PT183","Alentejo Central",3,"PT",21
"PT184","Baixo Alentejo",3,"PT",21
"PT185","Lezíria do Tejo",3,"PT",21
"PT2","Região Autónoma dos AÇORES",1,"PT",21
"PT20","Região Autónoma dos Açores",2,"PT",21
"PT200","Região Autónoma dos Açores",3,"PT",21
"PT3","Região Autónoma da MADEIRA",1,"PT",21
"PT30","Região Autónoma da Madeira",2,"PT",21
"PT300","Região Autónoma da Madeira",3,"PT",21
"PTZ","EXTRA-REGIO",1,"PT",21
"PTZZ","Extra-Regio",2,"PT",21
"PTZZZ","Extra-Regio",3,"PT",21
"RO","ROMÂNIA",0,"RO",22
"RO1","Macroregiunea unu",1,"RO",22
"RO11","Nord-Vest",2,"RO",22
"RO111","Bihor",3,"RO",22
"RO112","Bistriţa-Năsăud",3,"RO",22
"RO113","Cluj",3,"RO",22
"RO114","Maramureş",3,"RO",22
"RO115","Satu Mare",3,"RO",22
"RO116","Sălaj",3,"RO",22
"RO12","Centru",2,"RO",22
"RO121","Alba",3,"RO",22
"RO122","Braşov",3,"RO",22
"RO123","Covasna",3,"RO",22
"RO124","Harghita",3,"RO",22
"RO125","Mureş",3,"RO",22
"RO126","Sibiu",3,"RO",22
"RO2","Macroregiunea doi",1,"RO",22
"RO21","Nord-Est",2,"RO",22
"RO211","Bacău",3,"RO",22
"RO212","Botoşani",3,"RO",22
"RO213","Iaşi",3,"RO",22
"RO214","Neamţ",3,"RO",22
"RO215","Suceava",3,"RO",22
"RO216","Vaslui",3,"RO",22
"RO22","Sud-Est",2,"RO",22
"RO221","Brăila",3,"RO",22
"RO222","Buzău",3,"RO",22
"RO223","Constanţa",3,"RO",22
"RO224","Galaţi",3,"RO",22
"RO225","Tulcea",3,"RO",22
"RO226","Vrancea",3,"RO",22
"RO3","Macroregiunea trei",1,"RO",22
"RO31","Sud - Muntenia",2,"RO",22
"RO311","Argeş",3,"RO",22
"RO312","Călăraşi",3,"RO",22
"RO313","Dâmboviţa",3,"RO",22
"RO314","Giurgiu",3,"RO",22
"RO315","Ialomiţa",3,"RO",22
"RO316","Prahova",3,"RO",22
"RO317","Teleorman",3,"RO",22
"RO32","Bucureşti - Ilfov",2,"RO",22
"RO321","Bucureşti",3,"RO",22
"RO322","Ilfov",3,"RO",22
"RO4","Macroregiunea patru",1,"RO",22
"RO41","Sud-Vest Oltenia",2,"RO",22
"RO411","Dolj",3,"RO",22
"RO412","Gorj",3,"RO",22
"RO413","Mehedinţi",3,"RO",22
"RO414","Olt",3,"RO",22
"RO415","Vâlcea",3,"RO",22
"RO42","Vest",2,"RO",22
"RO421","Arad",3,"RO",22
"RO422","Caraş-Severin",3,"RO",22
"RO423","Hunedoara",3,"RO",22
"RO424","Timiş",3,"RO",22
"ROZ","EXTRA-REGIO",1,"RO",22
"ROZZ","Extra-Regio",2,"RO",22
"ROZZZ","Extra-Regio",3,"RO",22
"SI","SLOVENIJA",0,"SI",23
"SI0","SLOVENIJA",1,"SI",23
"SI01","Vzhodna Slovenija",2,"SI",23
"SI011","Pomurska",3,"SI",23
"SI012","Podravska",3,"SI",23
"SI013","Koroška",3,"SI",23
"SI014","Savinjska",3,"SI",23
"SI015","Zasavska",3,"SI",23
"SI016","Spodnjeposavska",3,"SI",23
"SI017","Jugovzhodna Slovenija",3,"SI",23
"SI018","Notranjsko-kraška",3,"SI",23
"SI02","Zahodna Slovenija",2,"SI",23
"SI021","Osrednjeslovenska",3,"SI",23
"SI022","Gorenjska",3,"SI",23
"SI023","Goriška",3,"SI",23
"SI024","Obalno-kraška",3,"SI",23
"SIZ","EXTRA-REGIO",1,"SI",23
"SIZZ","Extra-Regio",2,"SI",23
"SIZZZ","Extra-Regio",3,"SI",23
"SK","SLOVENSKÁ REPUBLIKA",0,"SK",24
"SK0","SLOVENSKÁ REPUBLIKA",1,"SK",24
"SK01","Bratislavský kraj",2,"SK",24
"SK010","Bratislavský kraj",3,"SK",24
"SK02","Západné Slovensko",2,"SK",24
"SK021","Trnavský kraj",3,"SK",24
"SK022","Trenčiansky kraj",3,"SK",24
"SK023","Nitriansky kraj",3,"SK",24
"SK03","Stredné Slovensko",2,"SK",24
"SK031","Žilinský kraj",3,"SK",24
"SK032","Banskobystrický kraj",3,"SK",24
"SK04","Východné Slovensko",2,"SK",24
"SK041","Prešovský kraj",3,"SK",24
"SK042","Košický kraj",3,"SK",24
"SKZ","EXTRA-REGIO",1,"SK",24
"SKZZ","Extra-Regio",2,"SK",24
"SKZZZ","Extra-Regio",3,"SK",24
"FI","SUOMI / FINLAND",0,"FI",25
"FI1","MANNER-SUOMI",1,"FI",25
"FI13","Itä-Suomi",2,"FI",25
"FI131","Etelä-Savo",3,"FI",25
"FI132","Pohjois-Savo",3,"FI",25
"FI133","Pohjois-Karjala",3,"FI",25
"FI134","Kainuu",3,"FI",25
"FI18","Etelä-Suomi",2,"FI",25
"FI181","Uusimaa",3,"FI",25
"FI182","Itä-Uusimaa",3,"FI",25
"FI183","Varsinais-Suomi",3,"FI",25
"FI184","Kanta-Häme",3,"FI",25
"FI185","Päijät-Häme",3,"FI",25
"FI186","Kymenlaakso",3,"FI",25
"FI187","Etelä-Karjala",3,"FI",25
"FI19","Länsi-Suomi",2,"FI",25
"FI193","Keski-Suomi",3,"FI",25
"FI194","Etelä-Pohjanmaa",3,"FI",25
"FI195","Pohjanmaa",3,"FI",25
"FI196","Satakunta",3,"FI",25
"FI197","Pirkanmaa",3,"FI",25
"FI1A","Pohjois-Suomi",2,"FI",25
"FI1A1","Keski-Pohjanmaa",3,"FI",25
"FI1A2","Pohjois-Pohjanmaa",3,"FI",25
"FI1A3","Lappi",3,"FI",25
"FI2","ÅLAND",1,"FI",25
"FI20","Åland",2,"FI",25
"FI200","Åland",3,"FI",25
"FIZ","EXTRA-REGIO",1,"FI",25
"FIZZ","Extra-Regio",2,"FI",25
"FIZZZ","Extra-Regio",3,"FI",25
"SE","SVERIGE",0,"SE",26
"SE1","Östra Sverige",1,"SE",26
"SE11","Stockholm",2,"SE",26
"SE110","Stockholms län",3,"SE",26
"SE12","Östra Mellansverige",2,"SE",26
"SE121","Uppsala län",3,"SE",26
"SE122","Södermanlands län",3,"SE",26
"SE123","Östergötlands län",3,"SE",26
"SE124","Örebro län",3,"SE",26
"SE125","Västmanlands län",3,"SE",26
"SE2","Södra Sverige",1,"SE",26
"SE21","Småland med öarna",2,"SE",26
"SE211","Jönköpings län",3,"SE",26
"SE212","Kronobergs län",3,"SE",26
"SE213","Kalmar län",3,"SE",26
"SE214","Gotlands län",3,"SE",26
"SE22","Sydsverige",2,"SE",26
"SE221","Blekinge län",3,"SE",26
"SE224","Skåne län",3,"SE",26
"SE23","Västsverige",2,"SE",26
"SE231","Hallands län",3,"SE",26
"SE232","Västra Götalands län",3,"SE",26
"SE3","Norra Sverige",1,"SE",26
"SE31","Norra Mellansverige",2,"SE",26
"SE311","Värmlands län",3,"SE",26
"SE312","Dalarnas län",3,"SE",26
"SE313","Gävleborgs län",3,"SE",26
"SE32","Mellersta Norrland",2,"SE",26
"SE321","Västernorrlands län",3,"SE",26
"SE322","Jämtlands län",3,"SE",26
"SE33","Övre Norrland",2,"SE",26
"SE331","Västerbottens län",3,"SE",26
"SE332","Norrbottens län",3,"SE",26
"SEZ","EXTRA-REGIO",1,"SE",26
"SEZZ","Extra-Regio",2,"SE",26
"SEZZZ","Extra-Regio",3,"SE",26
"UK","UNITED KINGDOM",0,"UK",27
"UKC","NORTH EAST (ENGLAND)",1,"UK",27
"UKC1","Tees Valley and Durham",2,"UK",27
"UKC11","Hartlepool and Stockton-on-Tees",3,"UK",27
"UKC12","South Teesside",3,"UK",27
"UKC13","Darlington",3,"UK",27
"UKC14","Durham CC",3,"UK",27
"UKC2","Northumberland and Tyne and Wear",2,"UK",27
"UKC21","Northumberland",3,"UK",27
"UKC22","Tyneside",3,"UK",27
"UKC23","Sunderland",3,"UK",27
"UKD","NORTH WEST (ENGLAND)",1,"UK",27
"UKD1","Cumbria",2,"UK",27
"UKD11","West Cumbria",3,"UK",27
"UKD12","East Cumbria",3,"UK",27
"UKD2","Cheshire",2,"UK",27
"UKD21","Halton and Warrington",3,"UK",27
"UKD22","Cheshire CC",3,"UK",27
"UKD3","Greater Manchester",2,"UK",27
"UKD31","Greater Manchester South",3,"UK",27
"UKD32","Greater Manchester North",3,"UK",27
"UKD4","Lancashire",2,"UK",27
"UKD41","Blackburn with Darwen",3,"UK",27
"UKD42","Blackpool",3,"UK",27
"UKD43","Lancashire CC",3,"UK",27
"UKD5","Merseyside",2,"UK",27
"UKD51","East Merseyside",3,"UK",27
"UKD52","Liverpool",3,"UK",27
"UKD53","Sefton",3,"UK",27
"UKD54","Wirral",3,"UK",27
"UKE","YORKSHIRE AND THE HUMBER",1,"UK",27
"UKE1","East Yorkshire and Northern Lincolnshire",2,"UK",27
"UKE11","Kingston upon Hull, City of",3,"UK",27
"UKE12","East Riding of Yorkshire",3,"UK",27
"UKE13","North and North East Lincolnshire",3,"UK",27
"UKE2","North Yorkshire",2,"UK",27
"UKE21","York",3,"UK",27
"UKE22","North Yorkshire CC",3,"UK",27
"UKE3","South Yorkshire",2,"UK",27
"UKE31","Barnsley, Doncaster and Rotherham",3,"UK",27
"UKE32","Sheffield",3,"UK",27
"UKE4","West Yorkshire",2,"UK",27
"UKE41","Bradford",3,"UK",27
"UKE42","Leeds",3,"UK",27
"UKE43","Calderdale, Kirklees and Wakefield",3,"UK",27
"UKF","EAST MIDLANDS (ENGLAND)",1,"UK",27
"UKF1","Derbyshire and Nottinghamshire",2,"UK",27
"UKF11","Derby",3,"UK",27
"UKF12","East Derbyshire",3,"UK",27
"UKF13","South and West Derbyshire",3,"UK",27
"UKF14","Nottingham",3,"UK",27
"UKF15","North Nottinghamshire",3,"UK",27
"UKF16","South Nottinghamshire",3,"UK",27
"UKF2","Leicestershire, Rutland and Northamptonshire",2,"UK",27
"UKF21","Leicester",3,"UK",27
"UKF22","Leicestershire CC and Rutland",3,"UK",27
"UKF23","Northamptonshire",3,"UK",27
"UKF3","Lincolnshire",2,"UK",27
"UKF30","Lincolnshire",3,"UK",27
"UKG","WEST MIDLANDS (ENGLAND)",1,"UK",27
"UKG1","Herefordshire, Worcestershire and Warwickshire",2,"UK",27
"UKG11","Herefordshire, County of",3,"UK",27
"UKG12","Worcestershire",3,"UK",27
"UKG13","Warwickshire",3,"UK",27
"UKG2","Shropshire and Staffordshire",2,"UK",27
"UKG21","Telford and Wrekin",3,"UK",27
"UKG22","Shropshire CC",3,"UK",27
"UKG23","Stoke-on-Trent",3,"UK",27
"UKG24","Staffordshire CC",3,"UK",27
"UKG3","West Midlands",2,"UK",27
"UKG31","Birmingham",3,"UK",27
"UKG32","Solihull",3,"UK",27
"UKG33","Coventry",3,"UK",27
"UKG34","Dudley and Sandwell",3,"UK",27
"UKG35","Walsall and Wolverhampton",3,"UK",27
"UKH","EAST OF ENGLAND",1,"UK",27
"UKH1","East Anglia",2,"UK",27
"UKH11","Peterborough",3,"UK",27
"UKH12","Cambridgeshire CC",3,"UK",27
"UKH13","Norfolk",3,"UK",27
"UKH14","Suffolk",3,"UK",27
"UKH2","Bedfordshire and Hertfordshire",2,"UK",27
"UKH21","Luton",3,"UK",27
"UKH22","Bedfordshire CC",3,"UK",27
"UKH23","Hertfordshire",3,"UK",27
"UKH3","Essex",2,"UK",27
"UKH31","Southend-on-Sea",3,"UK",27
"UKH32","Thurrock",3,"UK",27
"UKH33","Essex CC",3,"UK",27
"UKI","LONDON",1,"UK",27
"UKI1","Inner London",2,"UK",27
"UKI11","Inner London - West",3,"UK",27
"UKI12","Inner London - East",3,"UK",27
"UKI2","Outer London",2,"UK",27
"UKI21","Outer London - East and North East",3,"UK",27
"UKI22","Outer London - South",3,"UK",27
"UKI23","Outer London - West and North West",3,"UK",27
"UKJ","SOUTH EAST (ENGLAND)",1,"UK",27
"UKJ1","Berkshire, Buckinghamshire and Oxfordshire",2,"UK",27
"UKJ11","Berkshire",3,"UK",27
"UKJ12","Milton Keynes",3,"UK",27
"UKJ13","Buckinghamshire CC",3,"UK",27
"UKJ14","Oxfordshire",3,"UK",27
"UKJ2","Surrey, East and West Sussex",2,"UK",27
"UKJ21","Brighton and Hove",3,"UK",27
"UKJ22","East Sussex CC",3,"UK",27
"UKJ23","Surrey",3,"UK",27
"UKJ24","West Sussex",3,"UK",27
"UKJ3","Hampshire and Isle of Wight",2,"UK",27
"UKJ31","Portsmouth",3,"UK",27
"UKJ32","Southampton",3,"UK",27
"UKJ33","Hampshire CC",3,"UK",27
"UKJ34","Isle of Wight",3,"UK",27
"UKJ4","Kent",2,"UK",27
"UKJ41","Medway",3,"UK",27
"UKJ42","Kent CC",3,"UK",27
"UKK","SOUTH WEST (ENGLAND)",1,"UK",27
"UKK1","Gloucestershire, Wiltshire and Bristol/Bath area",2,"UK",27
"UKK11","Bristol, City of",3,"UK",27
"UKK12","Bath and North East Somerset, North Somerset and South Gloucestershire",3,"UK",27
"UKK13","Gloucestershire",3,"UK",27
"UKK14","Swindon",3,"UK",27
"UKK15","Wiltshire CC",3,"UK",27
"UKK2","Dorset and Somerset",2,"UK",27
"UKK21","Bournemouth and Poole",3,"UK",27
"UKK22","Dorset CC",3,"UK",27
"UKK23","Somerset",3,"UK",27
"UKK3","Cornwall and Isles of Scilly",2,"UK",27
"UKK30","Cornwall and Isles of Scilly",3,"UK",27
"UKK4","Devon",2,"UK",27
"UKK41","Plymouth",3,"UK",27
"UKK42","Torbay",3,"UK",27
"UKK43","Devon CC",3,"UK",27
"UKL","WALES",1,"UK",27
"UKL1","West Wales and The Valleys",2,"UK",27
"UKL11","Isle of Anglesey",3,"UK",27
"UKL12","Gwynedd",3,"UK",27
"UKL13","Conwy and Denbighshire",3,"UK",27
"UKL14","South West Wales",3,"UK",27
"UKL15","Central Valleys",3,"UK",27
"UKL16","Gwent Valleys",3,"UK",27
"UKL17","Bridgend and Neath Port Talbot",3,"UK",27
"UKL18","Swansea",3,"UK",27
"UKL2","East Wales",2,"UK",27
"UKL21","Monmouthshire and Newport",3,"UK",27
"UKL22","Cardiff and Vale of Glamorgan",3,"UK",27
"UKL23","Flintshire and Wrexham",3,"UK",27
"UKL24","Powys",3,"UK",27
"UKM","SCOTLAND",1,"UK",27
"UKM2","Eastern Scotland",2,"UK",27
"UKM21","Angus and Dundee City",3,"UK",27
"UKM22","Clackmannanshire and Fife",3,"UK",27
"UKM23","East Lothian and Midlothian",3,"UK",27
"UKM24","Scottish Borders",3,"UK",27
"UKM25","Edinburgh, City of",3,"UK",27
"UKM26","Falkirk",3,"UK",27
"UKM27","Perth & Kinross and Stirling",3,"UK",27
"UKM28","West Lothian",3,"UK",27
"UKM3","South Western Scotland",2,"UK",27
"UKM31","East Dunbartonshire, West Dunbartonshire and Helensburgh & Lomond",3,"UK",27
"UKM32","Dumfries & Galloway",3,"UK",27
"UKM33","East Ayrshire and North Ayrshire mainland",3,"UK",27
"UKM34","Glasgow City",3,"UK",27
"UKM35","Inverclyde, East Renfrewshire and Renfrewshire",3,"UK",27
"UKM36","North Lanarkshire",3,"UK",27
"UKM37","South Ayrshire",3,"UK",27
"UKM38","South Lanarkshire",3,"UK",27
"UKM5","North Eastern Scotland",2,"UK",27
"UKM50","Aberdeen City and Aberdeenshire",3,"UK",27
"UKM6","Highlands and Islands",2,"UK",27
"UKM61","Caithness & Sutherland and Ross & Cromarty",3,"UK",27
"UKM62","Inverness & Nairn and Moray, Badenoch & Strathspey",3,"UK",27
"UKM63","Lochaber, Skye & Lochalsh, Arran & Cumbrae and Argyll & Bute",3,"UK",27
"UKM64","Eilean Siar (Western Isles)",3,"UK",27
"UKM65","Orkney Islands",3,"UK",27
"UKM66","Shetland Islands",3,"UK",27
"UKN","NORTHERN IRELAND",1,"UK",27
"UKN0","Northern Ireland",2,"UK",27
"UKN01","Belfast",3,"UK",27
"UKN02","Outer Belfast",3,"UK",27
"UKN03","East of Northern Ireland",3,"UK",27
"UKN04","North of Northern Ireland",3,"UK",27
"UKN05","West and South of Northern Ireland",3,"UK",27
"UKZ","EXTRA-REGIO",1,"UK",27
"UKZZ","Extra-Regio",2,"UK",27
"UKZZZ","Extra-Regio",3,"UK",27
